icao24,registration,manufacturer,model,typecode,operator,operator_icao
040133,ET-AUB,Airbus,A350 941,A359,,ETH
04014e,ET-AVE,,A350-941,A359,Ethiopian Airlines,ETH
040171,ET-AWN,,A350-941,A359,Ethiopian Airlines,ETH
040172,ET-AWO,,A350-941,A359,Ethiopian Airlines,ETH
040173,ET-AWP,,A350-941,A359,Ethiopian Airlines,ETH
040198,ET-AYA,,A350-941,A359,Ethiopian Airlines,ETH
040203,ET-AYM,,A350-941,A359,Ethiopian Airlines,ETH
060030,3B-NBQ,Airbus,A350 941,A359,,MAU
060035,3B-NBU,,,A339,,
060036,3B-NBV,Airbus Industrie,A330-900,A339,Air Mauritius,MAU
060047,3B-NCM,,Airbus A330-243,A332,Air Mauritius,MAU
06a052,A7-BAA,Boeing,777 3DZER,B77W,,QTR
06a053,A7-BAB,Boeing,777 3DZER,B77W,Qatar Airways,QTR
06a062,A7-BAC,The Boeing Co.,777-3DZ(ER),B77W,Qatar Airways,QTR
06a071,A7-BAG,The Boeing Co.,777-3DZ(ER),B77W,Qatar Airways,QTR
06a077,A7-BAJ,Boeing,777 3DZER,B77W,Qatar Airways,QTR
06a078,A7-BAK,Boeing,Boeing 777 3DZER,B77W,,QTR
06a07b,A7-BAN,Boeing,777 3DZER,B77W,,QTR
06a07c,A7-BAP,Boeing,777 3DZER,B77W,Qatar Airways,QTR
06a081,A7-BFC,Boeing,Boeing 777-FDZ,B77L,Qatar Airways,QTR
06a083,A7-BAQ,Boeing,777 3DZER,B77W,Qatar Airways,QTR
06a0a5,A7-BCA,Boeing,787 8,B788,Qatar Airways,QTR
06a0a8,A7-BCD,Boeing,787 8,B788,,QTR
06a0aa,A7-BCF,Boeing,787 8,B788,,QTR
06a0ac,A7-BCH,Boeing,787 8,B788,,QTR
06a0ad,A7-BCI,Boeing,787 8,B788,Qatar Airways,QTR
06a0b7,A7-BCS,Boeing,787 8,B788,,QTR
06a0b8,A7-BCT,Boeing,787 8,B788,Qatar Airways,QTR
06a0bb,A7-BCW,Boeing,787-8,B788,Qatar Airways,QTR
06a0bd,A7-BCY,Boeing,787 8,B788,Qatar Airways,QTR
06a0be,A7-BCZ,Boeing,787 8,B788,,QTR
06a0dc,A7-BAS,Boeing,777 3DZER,B77W,Qatar Airways,QTR
06a136,A7-BAT,Boeing,777 3DZER,B77W,Qatar Airways,QTR
06a138,A7-BAV,Boeing,777 3DZER,B77W,Qatar Airways,QTR
06a139,A7-BAW,Boeing,777 3DZER,B77W,,QTR
06a13a,A7-BAX,Boeing,777 3DZER,B77W,Qatar Airways,QTR
06a13c,A7-BAZ,Boeing,Boeing 777 3DZER,B77W,,QTR
06a13d,A7-BEA,Boeing,777 3DZER,B77W,,QTR
06a140,A7-BFG,Boeing,Boeing 777-FDZ,B77L,Qatar Airways Cargo,QTR
06a19e,A7-BEC,Boeing,777 3DZER,B77W,Qatar Airways,QTR
06a19f,A7-BED,Boeing,Boeing 777 3DZER,B77W,Qatar Airways,QTR
06a1eb,A7-BFN,,,B77L,,
06a2b0,A7-BEL,Boeing,Boeing 777 300ER,B77W,,QTR
06a2b8,A7-BET,,,B77W,,
06a2c6,A7-BEW,,,B77W,,
06a2ef,A7-BHL,,,B789,,
06a30a,A7-BFW,,,B77L,,
06a376,A7-BOE,,Boeing 777-3ZG(ER),B77W,Qatar Airways,QTR
06a37c,A7-BOG,,Boeing 777-3ZG(ER),B77W,Qatar Airways,QTR
0d10d5,XA-COE,,Bombardier Global Express XRS,GLEX,,
152a55,RA-76373,,,IL76,,
30086a,I-SEAO,,,GLF6,,
400275,VP-CWS,,Gulfstream G450,GLF4,,
406891,G-ZBJD,Boeing Company,BOEING 787-8 Dreamliner,B788,,BAW
406d77,G-ZBKA,Boeing Company,BOEING 787-9 Dreamliner,B789,,BAW
406d78,G-ZBKB,Boeing Company,BOEING 787-9 Dreamliner,B789,,BAW
406d79,G-ZBKC,Boeing Company,BOEING 787-9 Dreamliner,B789,,BAW
406d7a,G-ZBKD,Boeing Company,BOEING 787-9 Dreamliner,B789,,BAW
406d7b,G-ZBKE,Boeing Company,BOEING 787-9 Dreamliner,B789,,BAW
406f72,G-ZBKF,Boeing Company,BOEING 787-9 Dreamliner,B789,British Airways,BAW
406f74,G-ZBKH,Boeing Company,BOEING 787-9 Dreamliner,B789,British Airways,BAW
406f76,G-ZBKJ,Boeing Company,BOEING 787-9 Dreamliner,B789,,BAW
406f77,G-ZBKK,Boeing Company,BOEING 787-9 Dreamliner,B789,,BAW
406f7a,G-ZBKN,Boeing Company,BOEING 787-9 Dreamliner,B789,,BAW
4071f8,G-DVOR,Diamond Aircraft Industries Gmbh,DA 62,DA62,,
40749a,G-ZBKS,Boeing,787-9 Dreamliner,B789,British Airways,BAW
4242d2,VP-BXB,,,GLF6,,
424506,VQ-BQV,,Boeing 737-74U(BBJ),B737,,
424753,VP-CPU,,,GLF6,,
4247e4,VP-CTL,,,GLF6,,
424b6b,M-LWCW,Bombardier Inc (canada),BD-700-2A12 Global 7500,GL7T,,
43ec44,2-TSSA,,,B762,,
48411c,P4-787,,,B788,,
484337,P4-FKA,,,F70,,
4851ad,PH-BHA,Boeing,B787-9,B789,,KLM
4851b1,PH-BHF,Boeing,787 9,B789,,KLM
485341,PH-BHG,Boeing,Boeing 787-9,B789,,KLM
485342,PH-BHH,Boeing,B787-9,B789,,KLM
485343,,,,,KLM,KLM
485344,PH-BHL,Boeing,B787-9,B789,,KLM
485785,PH-BHN,Boeing,Boeing 787-9,B789,Klm,KLM
485788,PH-BHP,,Boeing 787-9,B789,Klm,KLM
4b18d8,HB-JKQ,,Gulfstream G650ER,GLF6,Nomad Aviation,NUM
4b18dd,HB-JKV,,,FA8X,,
4bb0e1,TC-LGA,,A350-941,A359,Turkish Airlines,THY
4bb0e3,TC-LGC,,A350-941,A359,Turkish Airlines,THY
4bb0e5,TC-LGE,,A350-941,A359,Turkish Airlines,THY
4bb0e6,TC-LGF,,A350-941,A359,Turkish Airlines,THY
4bb0e8,TC-LGH,,,A359,Turkish Airlines,THY
4bb0e9,TC-LGI,,,A359,Turkish Airlines,THY
4bb0ea,TC-LGJ,,,A359,,
4bb0eb,TC-LGK,,,A359,,
4bb0ec,TC-LGL,,,A359,,
4bb0ee,TC-LGN,,Airbus A350-941,A359,Turkish Airlines,THY
4bb0f0,TC-LGP,,Airbus A350-941,A359,Turkish Airlines,THY
4bb0f2,TC-LGR,,Airbus A350-941,A359,Turkish Airlines,THY
4bb0f3,TC-LGS,,Airbus A350-941,A359,Turkish Airlines,THY
4bb0f4,TC-LGT,,Airbus A350-941,A359,Turkish Airlines,THY
4bb0f9,TC-LGY,,Airbus A350-941,A359,Turkish Airlines,THY
4bb101,TC-LHA,,Airbus A350-941,A359,Turkish Airlines,THY
4bb102,TC-LHB,,Airbus A350-941,A359,Turkish Airlines,THY
4bb103,TC-LHC,,Airbus A350-941,A359,Turkish Airlines,THY
4bb104,TC-LHD,,Airbus A350-941,A359,Turkish Airlines,THY
4bb105,TC-LHE,,Airbus A350-941,A359,Turkish Airlines,THY
4cc4c5,TF-AMN,,747-4F6(SF),B744,Air Atlanta Icelandic,ABD
4d0103,LX-VCA,Boeing,747-8R7,B748,Cargolux,CLX
4d0104,LX-VCD,Boeing,Boeing 747-8R7F,B748,,CLX
4d0106,LX-VCF,Boeing,Boeing 747-8R7F,B748,,
4d0114,LX-VCK,Boeing,Boeing 747-8R7F,B748,,
4d0116,LX-VCL,Boeing,Boeing 747-8R7F,B748,,
4d0118,LX-VCN,Boeing,747 8F,B748,,
4d2028,,,,,,
4d20c8,9H-VFB,Bombardier,Bombardier Challenger 605,CL60,,
4d20ca,9H-VFD,Bombardier,Bombardier Challenger 605,CL60,,
4d20e2,9H-VFG,Bombardier,Bombardier Challenger 605,CL60,,
4d20eb,9H-VFI,Bombardier,Bombardier Challenger 605,CL60,,
4d20f8,9H-VJP,Bombardier,Bombardier Global 6000,GLEX,,
4d2102,9H-VCJ,Bombardier,Challenger 350,CL35,,
4d23db,9H-VIL,,,GL7T,,
4d2485,9H-VCW,,,CL35,,
4d24e4,9H-AZD,,Boeing 777-31H(ER),B77W,Saudia,SVA
5000d9,T7-TAA,Bombardier,Global 5000,GL5T,,
50010b,T7-LKT,,,GLF6,,
500124,T7-MAK,Boeing,Boeing 737-7HZ BBJ,B737,Avcon Jet S.r.l. - San Marino,VAJ
5001a9,T7-GMC,,,GL7T,,
5001e9,T7-JOYY,,,GLF5,,
500237,T7-889,,,E35L,,
50025a,T7-ONEX,,,FA8X,,
50033b,T7-SABAH,,Bombardier Global 5000,GL5T,,
5003b2,T7-HKJ,,Hawker 850XP,H25B,,
5003cf,T7-JSC8,,Gulfstream G450,GLF4,,
5003f3,T7-AMY,,Dassault Falcon 7X,FA7X,,
500446,T7-GBS,,Embraer Legacy 600,E35L,,
504e27,ER-BAM,Boeing,747 409BDSF,B744,,
507c4c,UK-78701,,,B788,,
507c4d,UK-78702,,,B788,,
507c50,UK-78703,,B787-8,B788,Uzbekistan Airways,UZB
507c59,UK-78706,,,B788,,
5084c7,UR-CBH,,Kamov Ka-32A-11BC,KA27,,
600b26,4K-BBH,,Boeing 747-83QF,B748,Silk Way West Airlines,AZG
60183a,EZ-A778,,,B772,,
702033,S2-AFL,Boeing,737NG 83N/W,B738,,BBC
702034,S2-AFM,Boeing,737NG 83N/W,B738,,BBC
70203e,S2-AFO,Boeing,777 3E9ER,B77W,,BBC
70203f,S2-AFP,Boeing,777 3E9ER,B77W,,BBC
70204b,S2-AHN,Boeing,777 3E9ER,B77W,,BBC
702066,S2-AHO,Boeing,737NG 8E9/W,B738,,BBC
702067,S2-AHV,Boeing,737NG 8E9/W,B738,,BBC
7020bd,S2-ALA,,Airbus A330-343,A333,US-Bangla Airlines,UBG
7020be,S2-ALB,,Airbus A330-343,A333,US-Bangla Airlines,UBG
704009,XY-ALJ,,,A320,,
70400c,XY-ALK,,,A319,,
704010,XY-ALN,,,A319,,
704012,XY-ALP,,,E190,,
70401f,XY-ALY,,Airbus A319-112,A319,Myanmar Airways International,MMA
704458,XY-AGV,Airbus,A319 111,A319,Myanmar Airways International,MMM
70472a,XY-AMA,Avions De Transport Regional,ATR 72 600,AT76,,KBZ
70aa67,9N-ALM,Airbus,A320 214SL,A320,Himalaya Airlines,HIM
70aa6f,9N-ALV,Airbus,A320 214SL,A320,Himalaya Airlines,HIM
70afb7,9N-AKX,Airbus,A320 233SL,A320,Nepal Airlines,RNA
70afb9,9N-AKW,Airbus,A320 233SL,A320,Nepal Airlines,RNA
70c0ee,A4O-SC,Boeing,787 9,B789,,OMA
70c0f7,A4O-MA,,,B38M,,
70c0f8,A4O-MB,,,B38M,,
70c0fa,A4O-MC,,,B38M,,
70c0fc,A4O-ME,,,B38M,,
70c0fe,A4O-SH,,,B789,,
70c102,A4O-MH,,,B38M,,
70c108,A4O-MM,,,B38M,,
70c122,A4O-SJ,,,B789,,
70c124,A4O-SK,,,B789,,
70c125,A4O-SL,,,B789,,
70e064,XU-878,,,A319,,
70e065,XU-787,,,A319,,
70e06d,XU-762,,,A320,,
70e06e,XU-763,,,A320,,
70e08c,XU-819,,Airbus A320-214,A320,AirAsia,AXM
70e08d,XU-818,,Airbus A320-214,A320,AirAsia,AXM
710060,HZ-AK21,Boeing,777 368ER,B77W,,SVA
710415,HZ-AR23,The Boeing Co.,B787-9 Dreamliner,B789,Saudia,SVA
7105ab,HZ-AR24,,,B78X,,
7105ad,HZ-AR26,,,B78X,,
7105ae,HZ-AR27,,,B78X,,
7105b0,HZ-AR29,,,B789,,
7105b1,HZ-AR32,,,B78X,,
7105b2,HZ-AR33,,Boeing 787-10 Dreamliner,B78X,Saudia,SVA
71ba17,HL7217,,Boeing 737 MAX 8,B38M,Jin Air,JNA
71bd60,HL7560,Boeing,737NG 8B5/W,B738,,KAL
71bd62,HL7562,Boeing,737NG 8B5/W,B738,,JNA
71be01,HL7601,Boeing,747 4B5ERF,B744,,KAL
71be03,HL7603,Boeing,747 4B5ERF,B744,,KAL
71be05,HL7605,Boeing,747 4B5ERF,B744,,KAL
71c003,HL8003,Airbus,A330 323E,A333,,KAL
71c014,HL8014,Boeing,737NG 8SH/W,B738,,JNA
71c016,HL8016,Boeing,737NG 8SH/W,B738,,JNA
71c025,HL8025,Airbus,A330 323E,A333,,KAL
71c026,HL8026,Airbus,A330 323E,A333,,KAL
71c027,HL8027,Airbus,A330 323E,A333,,KAL
71c044,HL8044,Boeing,777 F,B77L,,KAL
71c046,HL8046,Boeing,777 F,B77L,,KAL
71c077,HL8077,Boeing,Boeing 777-F,B77L,,KAL
71c080,HL8080,Airbus,ACJ319 115XSL,A319,,
71c225,HL8225,Boeing,737NG 8Q8/W,B738,,KAL
71c226,HL8226,Boeing,777 FB5,B77L,,KAL
71c247,HL8247,Boeing,737NG 8SH/W,B738,,KAL
71c252,HL8252,Boeing,Boeing 777-FB5,B77L,,KAL
71c285,HL8285,Boeing,Boeing 777-FB5,B77L,,KAL
71c322,HL8322,,,B738,,
71c353,HL8353,,,B38M,,
71c555,HL8555,,Boeing 737 MAX 8,B38M,,
72863a,YI-AQZ,Boeing,777 29MLR,B77L,,IAW
73348c,EP-MDL,,,A310,,
75002c,9M-AHL,Airbus,A320 216,A320,,AXM
75002f,9M-FYC,Avions De Transport Regional,ATR 72 500,AT75,,FFM
750031,9M-FYD,Avions De Transport Regional,ATR 72 500,AT75,,FFM
750041,9M-FYF,Avions De Transport Regional,ATR 72 500,AT75,,FFM
750042,9M-FYG,Avions De Transport Regional,ATR 72 500,AT75,,FFM
750048,9M-FYH,Avions De Transport Regional,ATR 72 500,AT75,,FFM
75004b,9M-FYI,Avions De Transport Regional,ATR 72 500,AT75,,FFM
750051,9M-FYJ,Avions De Transport Regional,ATR 72 500,AT75,,FFM
75005c,9M-MWA,Avions De Transport Regional,ATR 72 500,AT75,,
750065,9M-MWB,Avions De Transport Regional,ATR 72 500,AT75,,
750066,9M-MWC,Avions De Transport Regional,ATR 72 500,AT75,,
750067,9M-MWD,Avions De Transport Regional,ATR 72 500,AT75,,
750068,9M-MWE,Avions De Transport Regional,ATR 72 500,AT75,,
750069,9M-MWF,Avions De Transport Regional,ATR 72 500,AT75,,
75006a,9M-MWG,Avions De Transport Regional,ATR 72 500,AT75,,
75006d,9M-MWJ,Avions De Transport Regional,ATR 72 500,AT75,,
750094,9M-AHR,Airbus,A320 216,A320,,AXM
7500c8,9M-XXW,Airbus,A330 343E,A333,,XAX
7500db,9M-PTA,Hawker Beechcraft Corp,King Air B350,B350,,
7500dd,9M-AHS,Airbus,A320 216,A320,,AXM
7500e4,9M-AHE,Airbus,A320 216,A320,,AXM
750109,9M-AFD,Airbus,A320 214,A320,,AXM
75010a,9M-AFE,Airbus,A320 214,A320,,AXM
75010b,9M-AFF,Airbus,A320 214,A320,Airasia,AXM
750111,9M-AJS,Airbus,A320 216,A320,,AXM
750140,9M-AJT,Airbus,A320 216SL,A320,,AXM
750148,9M-AFV,Airbus,A320 216,A320,,AXM
750156,9M-NAA,Airbus,ACJ319 115X,A319,Jet Premier One (m) Sdn. Bhd.,
7501d7,9M-PTC,Hawker Beechcraft Corp,King Air B350,B350,,
7501e4,9M-AHT,Airbus,A320 216,A320,,AXM
7501e6,9M-AHV,Airbus,A320 216,A320,,AXM
7501e8,9M-XXD,Airbus,A330 343E,A333,,XAX
7501e9,9M-XXE,Airbus,A330 343E,A333,,XAX
7501f1,9M-AHX,Airbus,A320 216,A320,,AXM
7501f9,9M-XXF,Airbus,A330 343E,A333,,XAX
7501fa,9M-XXG,Airbus,A330 343E,A333,,XAX
7501fc,9M-AHY,Airbus,A320 216,A320,,AXM
7501fd,9M-AHZ,Airbus,A320 216,A320,,AXM
750201,9M-MXA,Boeing,737NG 8H6/W,B738,,MAS
750202,9M-MXB,Boeing,737NG 8H6/W,B738,,MAS
750203,9M-MXC,Boeing,737NG 8H6/W,B738,,MAS
750204,9M-MXD,Boeing,737NG 8H6/W,B738,,MAS
750205,9M-MXE,Boeing,737NG 8H6/W,B738,,MAS
750206,9M-MXF,Boeing,737NG 8H6/W,B738,,MAS
750208,9M-MXH,Boeing,737NG 8H6/W,B738,,MAS
75020c,9M-MXL,Boeing,737NG 8H6/W,B738,,MAS
75020d,9M-MXM,Boeing,737NG 8H6/W,B738,,MAS
75020e,9M-MXN,Boeing,737NG 8H6/W,B738,,MAS
75020f,9M-MXO,Boeing,737NG 8H6/W,B738,,MAS
750210,9M-MSA,Boeing,737NG 8H6/W,B738,,MAS
750211,9M-MSB,Boeing,737NG 8H6/W,B738,,MAS
750214,9M-MSE,Boeing,737NG 8H6/W,B738,,MAS
75021b,9M-MXQ,Boeing,737NG 8H6/W,B738,,MAS
75021c,9M-MXR,Boeing,737NG 8H6/W,B738,,MAS
75021d,9M-MXS,Boeing,737NG 8H6/W,B738,,MAS
75021e,9M-MXT,Boeing,737NG 8H6/W,B738,,MAS
75021f,9M-MXU,Boeing,737NG 8H6/W,B738,,MAS
750220,9M-MXV,Boeing,737NG 8H6/W,B738,,MAS
750221,9M-MXW,Boeing,737NG 8H6/W,B738,,MAS
750222,9M-MXX,,,B738,,
750223,9M-MXY,Boeing,737NG 8H6/W,B738,,MAS
750229,9M-MLF,Boeing,737NG 8FZ/W,B738,,MAS
750236,9M-MLG,Boeing,737NG 8FZ/W,B738,,MAS
750237,9M-MLH,Boeing,737NG 8FZ/W,B738,,MAS
750238,9M-MLI,Boeing,737NG 8FZ/W,B738,,MAS
750239,9M-AQB,Airbus,A320 216,A320,,AXM
750244,9M-MLJ,Boeing,737NG 8FZ/W,B738,,MAS
750245,9M-FFF,Boeing,737NG 8FZ/W,B738,,MAS
750254,9M-MTA,Airbus,A330 323E,A333,,MAS
750255,9M-MTB,Airbus Industrie,A330-323,A333,Malaysia Airlines,MAS
750258,9M-MTE,Airbus,A330 323E,A333,,MAS
750259,9M-MTF,Airbus,A330 323E,A333,,MAS
75025a,9M-MTG,Airbus,A330 323E,A333,,MAS
75025b,9M-MTH,Airbus Industrie,A330-323,A333,Malaysia Airlines,MAS
75025d,9M-MTJ,Airbus,A330 323E,A333,,MAS
75025e,9M-MTK,Airbus,A330 323E,A333,,MAS
75025f,9M-MTL,Airbus,A330 323E,A333,,MAS
750260,9M-MTM,Airbus,A330 323E,A333,,MAS
750261,9M-MTN,Airbus,A330 323E,A333,,MAS
750262,9M-MTO,Airbus,A330 323E,A333,,MAS
750263,9M-MUA,Airbus,A330 223F,A332,,MAS
750266,9M-MUD,Airbus,A330 223F,A332,Malaysia Airlines,MAS
75026b,9M-XXZ,Airbus,A330 343E,A333,,XAX
75026d,9M-NAB,Airbus,ACJ320 214,A320,Jet Premier One (m) Sdn. Bhd.,
750278,9M-FYK,Avions De Transport Regional,ATR 72 500,AT75,,FFM
750279,9M-FYL,Avions De Transport Regional,ATR 72 500,AT75,,FFM
75027b,9M-MLK,Boeing,737NG 8FZ/W,B738,,MAS
75027d,9M-AQD,Airbus,A320 216,A320,,AXM
75027e,9M-AQF,Airbus,A320 216,A320,,AXM
75027f,9M-MLL,Boeing,737NG 8FZ/W,B738,,MAS
750280,9M-MLM,Boeing,737NG 8H6/W,B738,,MAS
750281,9M-MLN,Boeing,737NG 8H6/W,B738,,MAS
750282,9M-MLO,Boeing,737NG 8H6/W,B738,,MAS
750287,9M-AQH,Airbus,A320 216,A320,,AXM
75029c,9M-AQM,Airbus,A320 216,A320,,AXM
75029e,9M-MXG,Boeing,737NG 8H6/W,B738,,MAS
7502ad,9M-AQN,Airbus,A320 216,A320,,AXM
7502b0,9M-MLP,Boeing,737NG 8H6/W,B738,,MAS
7502b1,9M-MLQ,Boeing,737NG 8H6/W,B738,,MAS
7502b2,9M-MLR,Boeing,737NG 8H6/W,B738,Malaysia Airlines,MAS
7502b3,9M-AQO,Airbus,A320 216,A320,,AXM
7502b7,9M-AQP,Airbus,A320 216,A320,,AXM
7502b8,9M-AQQ,Airbus,A320 216SL,A320,,AXM
7502bc,9M-AQS,Airbus,A320 216,A320,,AXM
7502c3,9M-LRS,,,B38M,,
7502c4,9M-LNH,Boeing,737NG 9GPER/W,B739,,MXD
7502cd,9M-XXK,Airbus,A330 343E,A333,,XAX
7502d5,9M-ACM,Boeing,747 428 SCD,B744,,KNE
7502d8,9M-LRU,,,B38M,,
7502d9,9M-LRV,,,B38M,,
7502db,9M-LNP,Boeing,737NG 8GP/W,B738,,MXD
750319,9M-MLS,Boeing,737NG 8H6/W,B738,,MAS
75031a,9M-MLT,Boeing,737NG 8H6/W,B738,,MAS
750324,9M-AQZ,Airbus,A320 216SL,A320,,AXM
750328,M54-02,Airbus Military,A400M,A400,Royal Malaysian Air Force,RMF
750329,M54-03,Airbus Military,A400M,A400,Royal Malaysian Air Force,RMF
750333,9M-AJA,Airbus,A320 216SL,A320,,AXM
75033c,9M-AJE,Airbus,A320 216SL,A320,,AXM
75033d,9M-AJD,Airbus,A320 216SL,A320,,AXM
7503aa,9M-XXT,Airbus,A330 343E,A333,,XAX
7503ab,9M-MLU,Boeing,737NG 8H6/W,B738,,MAS
7503ac,9M-MLV,Boeing,737NG 8H6/W,B738,,MAS
7503b1,9M-AJG,Airbus,A320 216SL,A320,,AXM
7503c2,9M-LNQ,Boeing,737NG 8GP/W,B738,,MXD
7503c4,9M-AJN,Airbus,A320 216SL,A320,,AXM
7503d5,9M-JJJ,Gulfstream Aerospace,GV-SP (G550),GLF5,Government Of Johor,
7503d6,9M-LCZ,,Boeing 737-8U3,B738,Batik Air,BTK
7503db,9M-LNV,Boeing,737NG 8GP/W,B738,,MXD
7503f3,9M-RXA,Boeing,767 223BDSF,B762,,
7503f6,9M-AJY,Airbus,A320 216,A320,,AXM
7503fd,9M-AJZ,Airbus,A320 216SL,A320,,AXM
750400,9M-LND,Boeing,737NG 800/W,B738,,MXD
750404,9M-LCF,Boeing,737NG 8GP/W,B738,,MXD
750405,9M-LCG,Boeing,737NG 8GP/W,B738,,MXD
750408,9M-LCK,Boeing,737NG 800/W,B738,,MXD
750413,9M-AGA,Airbus,A320 251NSL,A20N,,AXM
750419,9M-AGB,Airbus,A320 251NSL,A20N,,AXM
75041a,9M-ZZZ,,,GLF6,,
75041b,9M-LCL,Boeing,737NG 800/W,B738,,MXD
75041f,9M-LRD,,,B38M,,
750420,9M-LRF,,,B38M,,
750421,9M-LRG,,,B38M,,
750423,9M-LRJ,,,B38M,,
750424,9M-LRK,,,B38M,,
750425,9M-LRL,,,B38M,,
750436,9M-AGC,Airbus,A320 216SL,A320,,AXM
750437,9M-VEV,,,P180,,
75043c,9M-AGD,Airbus,A320 251NSL,A20N,,AXM
75043e,9M-AGE,Airbus,A320 251NSL,A20N,,AXM
75043f,9M-AGF,Airbus,A320 251NSL,A20N,,AXM
750440,9M-AGG,Airbus,A320 251NSL,A20N,,AXM
750441,9M-AGH,,,A320,,
750445,9M-LFC,,Airbus A330-343,A333,Batik Air,BTK
750447,9M-LFF,,Airbus A330-343,A333,Batik Air,BTK
750449,9M-MAB,,,A359,Malaysia Airlines,MAS
75044a,9M-MAC,,,A359,,
75044b,9M-MAD,,,A359,,
75044c,9M-MAE,,,A359,,
75044d,9M-MAF,,,A359,,
75044e,9M-MAG,,A350-941,A359,Malaysia Airlines,MAS
75044f,9M-TMJ,,,GLF6,,
750451,9M-AGI,,,A20N,,
750452,9M-AGJ,,,A20N,,
750453,9M-AGL,,,A20N,,
750457,9M-AGM,,,A320,,
750458,9M-AGN,,,A20N,,
750459,9M-AGO,,,A20N,,
75045a,9M-AGP,,,A20N,,
75045d,9M-AGW,,,A20N,,
750463,9M-AGQ,,,A20N,,
750464,9M-AGR,,,A20N,,
750465,9M-AGS,,,A20N,,
750466,9M-AGT,,,A320,,
750467,9M-AGU,,,A320,,
75046c,9M-MTW,,A330-223,A332,Malaysia Airlines,MAS
75046e,9M-MTY,,,A332,,
75046f,9M-MTZ,,,A332,,
750470,9M-AGV,,,A20N,,
750474,9M-AGY,,,A320,,
750475,9M-AGZ,,,A320,,
750479,9M-XBF,,,A333,,
75047c,9M-RAA,,,A320,,
75047d,9M-RAB,,,A20N,,
750480,9M-RAC,,,A320,,
750481,9M-RAD,,,A320,,
750482,9M-PMA,,,A139,,
750484,9M-RAE,,,A320,,
750485,9M-RAG,,,A320,,
750490,9M-PMD,Leonardo,,A139,Royal Malaysia Police,
750492,9M-RAH,,,A20N,,
750493,9M-RAI,,,A320,,
75049d,9M-RAK,,,A20N,,
75049f,9M-RAL,,,A20N,,
7504a0,9M-RAM,,,A20N,,
7504a1,9M-RAN,,,A320,,
7504aa,9M-RAO,,,A320,,
7504ac,9M-RAP,,,A20N,,
7504af,9M-RAQ,,,A20N,,
7504b1,9M-RAR,,,A20N,,
7504b5,9M-RAT,,,A20N,,
7504bc,9M-RCI,,,B505,,
7504c3,9M-VAA,,,A21N,,
7504c4,9M-VAB,,,A21N,,
7504c6,9M-PME,,,A139,,
7504cd,9M-XXQ,,A330-343,A333,Airasia X,XAX
7504cf,9M-WBC,,AgustaWestland AW139,A139,,
7504d0,9M-RAU,,,A320,,
7504d9,9M-CGA,,,AS50,,
7504e0,9M-WCA,,,B738,,
7504e7,9M-JPM,,Leonardo AW139,A139,,
7504e8,9M-KXA,,,B734,,
7504eb,9M-RAV,,,A320,,
7504ec,9M-RAW,,Airbus A320-216,A320,AirAsia,AXM
7504f7,9M-RXC,,,B762,,
7504fe,9M-RCH,,,A320,,
750501,9M-SBH,,,A139,,
750503,9M-KXP,,,B738,,
750509,M503-1,,,A139,,
75050c,9M-RXD,,Boeing 767-281(BDSF),B762,Raya Airways,RMY
750517,9M-DAG,,,A320,,
750518,9M-DAB,,,A320,,
75051e,9M-SMJ,,Leonardo AW139,A139,,
750520,9M-BZA,,Airbus A321-231(P2F),A321,Raya Airways,RMY
750523,,,,,,
750525,9M-XXJ,,,A333,,
750528,9M-DAE,,Airbus A320-214,A320,AirAsia,AXM
75052a,9M-DAF,,,A320,,
750530,9M-TLA,,Airbus A321-211(P2F),A321,,
750532,9M-BZB,,Airbus A321-211(PCF),A321,Raya Airways,RMY
750539,9M-SAS,,Airbus Helicopters H175,EC75,,
75053b,9M-JET,,Diamond DA 40 NG,DA40,,
75053f,9M-MVA,,Boeing 737 MAX 8,B38M,Malaysia Airlines,MAS
750540,9M-MVB,,Boeing 737 MAX 8,B38M,Malaysia Airlines,MAS
750541,9M-MVC,,Boeing 737 MAX 8,B38M,Malaysia Airlines,MAS
750543,9M-XBH,,Airbus A330-343,A333,AirAsia X,XAX
750544,9M-MVD,,Boeing 737 MAX 8,B38M,Malaysia Airlines,MAS
750546,9M-TLP,,Airbus A321-211(P2F),A321,,
750547,9M-SBV,,Leonardo AW139,A139,,
750548,9M-XBI,,Airbus A330-343,A333,AirAsia X,XAX
750549,9M-BZC,,Airbus A321-211(PCF),A321,Raya Airways,RMY
75054c,9M-MAH,,Airbus A350-941,A359,Malaysia Airlines,MAS
75054e,9M-DMS,,Diamond DA40 NG Diamond Star,DA40,,
75054f,9M-MVE,,Boeing 737 MAX 8,B38M,Malaysia Airlines,MAS
750550,9M-MVF,,Boeing 737 MAX 8,B38M,Malaysia Airlines,MAS
750551,9M-MVG,,Boeing 737 MAX 8,B38M,Malaysia Airlines,MAS
750552,9M-MVH,,Boeing 737 MAX 8,B38M,Malaysia Airlines,MAS
750553,9M-MVI,,Boeing 737 MAX 8,B38M,Malaysia Airlines,MAS
750554,9M-MVJ,,Boeing 737 MAX 8,B38M,Malaysia Airlines,MAS
750555,9M-MVK,,Boeing 737 MAX 8,B38M,Malaysia Airlines,MAS
750556,9M-MVL,,Boeing 737 MAX 8,B38M,,
750561,9M-VAC,,Airbus A321-251NX,A21N,AirAsia,AXM
750562,9M-VAD,,Airbus A321-251NX,A21N,AirAsia,AXM
750563,9M-MNG,,Airbus A330-941,A339,Malaysia Airlines,MAS
75056b,9M-LDF,,Boeing 737-8U3,B738,Batik Air,BTK
75056c,9M-LDG,,Boeing 737-8U3,B738,Batik Air,BTK
75056d,9M-LDH,,Boeing 737-8U3,B738,Batik Air,BTK
75056f,9M-LDK,,Boeing 737-86N,B738,Batik Air Malaysia,MXD
750572,9M-LFG,,Airbus A330-343,A333,Batik Air,BTK
750573,9M-LFH,,Airbus A330-343,A333,Batik Air,BTK
750579,9M-MNH,,Airbus A330-941,A339,Malaysia Airlines,MAS
75057a,9M-MNI,,Airbus A330-941,A339,Malaysia Airlines,MAS
75057b,9M-WWA,,Boeing B737-86N(BCF),B738,MJets Air,KXP
75057c,9M-WWB,,Boeing 737-86N(BCF),B738,MJets Air,KXP
750582,9M-LNQ,,Boeing 737-8GP,B738,Batik Air,BTK
750583,9M-LNY,,Boeing 737-8GP,B738,Batik Air,BTK
750584,9M-VAF,,Airbus A321-251NX,A21N,AirAsia,AXM
750585,9M-VAG,,Airbus A321-251NX,A21N,AirAsia,AXM
750586,9M-VAH,,Airbus A321-251NX,A21N,AirAsia,AXM
75058b,9M-LDU,,Boeing 737-8GP,B738,Batik Air,BTK
750591,9M-MVL,,Boeing 737 MAX 8,B38M,,
750593,9M-LNC,,Boeing 737-8GP,B738,Batik Air,BTK
750595,9M-MNK,,Airbus A330-941,A339,Malaysia Airlines,MAS
758302,RP-C9901,Airbus,A321 231SL,A321,,PAL
758305,RP-C9905,Airbus,A321 231SL,A321,,PAL
758307,RP-C9907,Airbus,A321 231SL,A321,,PAL
758309,RP-C8783,Airbus,A330 343E,A333,Philippine Airlines,PAL
75832f,RP-C8971,Airbus,A320 216,A320,,
758369,RP-C9914,Airbus,A321 231SL,A321,,PAL
758384,RP-C9915,Airbus,A321 231SL,A321,,PAL
75839f,RP-C9916,Airbus,A321 231SL,A321,,PAL
7583e2,RP-C9925,Airbus,A321 231SL,A321,,PAL
7583ed,RP-C9926,Airbus,A321 231SL,A321,,PAL
758403,RP-C9928,Airbus,A321 231SL,A321,,PAL
758404,RP-C9929,Airbus,A321 231SL,A321,,PAL
758502,RP-C8963,,,A320,,
758533,RP-C4114,,,A321,,
758582,RP-C9936,,,A21N,,
758584,RP-C8941,,,A320,,
7585a2,RP-C8950,,,A320,,
758616,RP-C4122,,,A21N,,
75872b,RP-C4133,,Airbus A321-271NX,A21N,Cebu Pacific,CEB
75872c,RP-C4140,,Airbus A321-271NX,A21N,Cebu Pacific,CEB
758770,RP-C4142,,Airbus A321-271NX,A21N,Cebu Pacific,CEB
758771,RP-C4143,,Airbus A321-271NX,A21N,Cebu Pacific,CEB
758772,RP-C4146,,Airbus A321-271NX,A21N,Cebu Pacific,CEB
758793,RP-C4147,,Airbus A321-271NX,A21N,Cebu Pacific,CEB
76b441,9V-MBA,Boeing,737MAX 8,B38M,,SLK
76b442,9V-MBB,Boeing,737MAX 8,B38M,,SLK
76b443,9V-MBC,,,B38M,,
76b444,9V-MBD,,,B38M,,
76b445,9V-MBE,,,B38M,,
76b446,9V-MBF,,,B38M,,
76b447,9V-MBG,,,B38M,,
76b448,9V-MBH,,,B38M,,
76b449,9V-MBI,,,B38M,,
76b44a,9V-MBJ,,,B38M,,
76b44b,9V-MBK,,,B38M,,
76b44c,9V-MBL,,,B38M,,
76b44d,9V-MBM,,,B38M,,
76b44e,9V-MBN,,,B38M,,
76b44f,9V-MBO,,,B38M,,
76b450,9V-MBP,,,B38M,,
76b451,9V-MBQ,,Boeing 737 MAX 8,B38M,Singapore Airlines,SIA
76b452,9V-MBR,,Boeing 737 MAX 8,B38M,,
76b454,9V-MBT,,,,,
76b861,9V-NCA,,,A21N,,
76b862,9V-NCB,,,A21N,,
76b863,9V-NCC,,,A21N,,
76b865,9V-NCE,,,A21N,,
76b866,9V-NCF,,,A21N,,
76b868,9V-NCH,,,A21N,,
76b869,9V-NCI,,,A21N,,
76b86a,9V-NCJ,,,A21N,,
76b86b,9V-NCK,,Airbus A321-271NX,A21N,Scoot,TGW
76bcc1,9V-OFA,Boeing,787 8,B788,,TGW
76bcce,9V-OFN,,Boeing 787-8 Dreamliner,B788,Scoot,TGW
76bd41,9V-OJA,Boeing,787 9,B789,,TGW
76bd43,9V-OJC,Boeing,787 9,B789,,TGW
76bd47,9V-OJG,,,B789,,
76ccd1,9V-SFQ,Boeing,747 412F,B744,,SQC
76cd02,9V-SHB,,A350-941,A359,Singapore Airlines,SIA
76cd06,9V-SHF,,A350-941,A359,Singapore Airlines,SIA
76cd08,9V-SHH,Airbus Industries,A350-900,A359,Singapore Airlines,SIA
76cd0c,9V-SHL,,A350-941,A359,Singapore Airlines,SIA
76cd0e,9V-SHN,,,A359,,
76cd14,9V-SHT,,A350-941,A359,Singapore Airlines,SIA
76cd16,9V-SHV,Airbus Industries,A350-900,A359,Singapore Airlines,SIA
76cd42,9V-SJB,,A350-941,A359,Singapore Airlines,SIA
76cd45,9V-SJE,,A350-941,A359,Singapore Airlines,SIA
76cda1,9V-SMA,Airbus,A350 941,A359,,SIA
76cda2,9V-SMB,Airbus,A350 941,A359,,SIA
76cda3,9V-SMC,Airbus,A350 941,A359,,SIA
76cda4,9V-SMD,Airbus,A350 941,A359,,SIA
76cda5,9V-SME,Airbus,A350 941,A359,,SIA
76cda6,9V-SMF,Airbus,A350 941,A359,,SIA
76cda7,9V-SMG,Airbus,A350 941,A359,,SIA
76cda9,9V-SMI,Airbus,A350 941,A359,,SIA
76cdab,9V-SMK,Airbus,A350 941,A359,,SIA
76cdae,9V-SMN,Airbus,A350 941,A359,,SIA
76cdb0,9V-SMP,Airbus,A350 941,A359,,SIA
76cdb1,9V-SMQ,Airbus,Airbus A350 941,A359,,SIA
76cdb2,9V-SMR,Airbus,Airbus A350 941,A359,,SIA
76cdb3,9V-SMS,Airbus,A350 941,A359,,SIA
76cdb7,9V-SMW,,A350-941,A359,Singapore Airlines,SIA
76d1c5,9V-TNE,,,A20N,,
76d1c6,9V-TNF,,,A20N,,
76d1c7,9V-TNG,,Airbus A320-271N,A20N,Scoot,TGW
76d24f,9V-TRO,,,A320,,
76d250,9V-TRP,,,A320,,
76d254,9V-TRT,,,A320,,
76d255,9V-TRU,,,A320,,
76d256,9V-TRV,,,A320,,
77044c,4R-ABL,Airbus,A320 232,A320,,ALK
77044e,4R-ABN,Airbus,A320 214,A320,,ALK
77044f,4R-ABO,Airbus,A320 214,A320,,ALK
770454,4R-ABT,,Airbus A320-232,A320,SriLankan Airlines,ALK
770594,4R-ALT,,Airbus A330-243,A332,,
7705c1,4R-ANA,Airbus,A320 251NSL,A20N,,ALK
7705c2,4R-ANB,Airbus,A320 251NSL,A20N,,ALK
7705c3,4R-ANC,Airbus,A321 251NSL,A21N,,ALK
7705c6,4R-ANF,,A321-251N,A21N,Srilankan Airlines,ALK
780013,B-6937,Airbus,A320 214,A320,,CSZ
780015,B-6339,Airbus,A321 231,A321,,CSN
780016,B-1970,Boeing,737NG 85C/W,B738,,CXA
78006a,B-5633,Boeing,737NG 85C/W,B738,,CXA
780193,B-HLS,Airbus,A330 343X,A333,,CPA
7801ad,B-HYJ,Airbus,A330 343X,A333,,HDA
7801b9,B-HYQ,Airbus,A330 343X,A333,,HDA
7801c2,B-HSM,Airbus,A320 232,A320,,HDA
7801c9,B-LAD,Airbus,A330 342,A333,,CPA
7801ca,B-LAE,Airbus,A330 342,A333,,CPA
7801cb,B-LAF,Airbus,A330 342,A333,,CPA
7801d4,B-HSN,Airbus,A320 232,A320,,HDA
780217,B-LIA,Boeing,747 467ERF,B744,,CPA
780219,B-LIC,Boeing,747 467ERF,B744,,CPA
780235,B-LAJ,Airbus,A330 342,A333,,CPA
780237,B-LAL,Airbus,A330 343E,A333,,CPA
7802a0,B-5487,Boeing,737NG 85C/W,B738,,CXA
780358,B-5688,Boeing,737NG 85C/W,B738,,CXA
780479,B-5386,Boeing,737NG 86N/W,B738,,CXA
78047a,B-5388,Boeing,737NG 86N/W,B738,,CXA
7805cc,B-1653,Airbus,A320 232,A320,,CSN
7805d6,B-5489,Boeing,737NG 85C/W,B738,,CXA
7805e1,B-6613,Airbus,A320 232,A320,,CSZ
7805fd,B-6629,Airbus,A321 231,A321,,CSN
78061c,B-5511,Boeing,737NG 85C/W,B738,,
78061d,B-5512,Boeing,737NG 85C/W,B738,,
780683,B-5533,Boeing,737NG 85C/W,B738,,CXA
780684,B-5535,Boeing,737NG 85C/W,B738,,CXA
7806a6,B-5551,Boeing,737NG 84P/W,B738,,CXA
7806a9,B-6718,Airbus,A321 231,A321,,CSC
7806ae,B-6721,Airbus,A320 232,A320,,CSZ
7806af,B-6722,Airbus,A320 232,A320,,CSZ
7806ed,B-5565,Boeing,737NG 86N/W,B738,,CXA
7806ee,B-5566,Boeing,737NG 85C/W,B738,,
78071a,B-6750,Airbus,A320 232,A320,,CSZ
780824,B-5630,Boeing,737NG 85C/W,B738,,CXA
780826,B-5632,Boeing,737NG 85C/W,B738,,CXA
780839,B-6856,Airbus,A320 232,A320,,CSZ
78083a,B-6855,Airbus,A320 214,A320,,CSZ
7808d0,B-5656,Boeing,737NG 85C/W,B738,,CXA
7808d1,B-5655,Boeing,737NG 85C/W,B738,,CXA
78091d,B-5691,Boeing,737NG 86N/W,B738,,CSH
7809b1,B-6976,Airbus,A320 232,A320,,CSN
7809b2,B-6975,Airbus,A320 232,A320,,CSN
7809b5,B-5708,Boeing,737NG 85C/W,B738,,CXA
7809b6,B-5707,Boeing,737NG 85C/W,B738,,CXA
7809b7,B-5706,Boeing,737NG 85C/W,B738,,CXA
7809d5,B-9908,Airbus,A320 214,A320,,CSZ
7809d6,B-9909,Airbus,A320 214,A320,,CSZ
7809d9,B-9910,Airbus,A320 214,A320,,CSZ
7809e9,B-5748,Boeing,737NG 81B/W,B738,,CSN
7809fb,B-9917,Airbus,A320 232,A320,,CSN
780a0a,B-LAM,Airbus,A330 343E,A333,,CPA
780a0b,B-LAN,Airbus,A330 343E,A333,,CPA
780a0c,B-LAO,Airbus,A330 343E,A333,,CPA
780a0d,B-LAP,Airbus,A330 343E,A333,,CPA
780a0e,B-LAQ,Airbus,A330 343E,A333,,CPA
780a49,B-LAR,Airbus,A330 343E,A333,,CPA
780a57,B-LBA,Airbus,A330 343E,A333,,CPA
780a58,B-LBB,Airbus,A330 343E,A333,,CPA
780a59,B-LBC,Airbus,A330 343E,A333,,CPA
780a71,B-LCJ,Airbus,A320 232SL,A320,,HKE
780a81,B-LBG,Airbus,A330 343E,A333,,HDA
780a82,B-LBH,Airbus,A330 343E,A333,,CPA
780ab2,B-LCL,Airbus,A320 271NSL,A20N,,HKE
780ab3,B-LCM,Airbus,A320 271NSL,A20N,,HKE
780abe,B-LCN,Airbus,A320 271NSL,A20N,,HKE
780ac0,B-LCP,,,A20N,,
780b1d,B-9938,Airbus,A320 214,A320,,CSZ
780b20,B-9939,Airbus,A320 214,A320,,CSZ
780b41,B-5791,Boeing,737NG 85C/W,B738,,CXA
780b43,B-5789,Boeing,737NG 85C/W,B738,,CXA
780b65,B-5845,Boeing,737NG 85C/W,B738,,CXA
780b67,B-9937,Airbus,A321 231SL,A321,,CSC
780b8d,B-9980,Airbus,A320 214SL,A320,,CSZ
780bc6,B-1915,Boeing,737NG 85C/W,B738,,CXA
780bc7,B-1911,Boeing,737NG 85C/W,B738,,CXA
780bc9,B-9986,Airbus,A320 214SL,A320,,CQH
780c17,B-1948,Boeing,737NG 86D/W,B738,,CSH
780c61,B-1968,Boeing,737NG 86D/W,B738,,CSH
780cde,B-1706,Boeing,737NG 85C/W,B738,,CXA
780cdf,B-1709,Boeing,737NG 85C/W,B738,,CXA
780d21,B-1723,Boeing,737NG 89P/W,B738,,CES
780d2d,B-1720,Boeing,737NG 86D/W,B738,,CSH
780d55,B-1741,Boeing,737NG 86D/W,B738,,CSH
780dda,B-1677,Airbus,A321 231SL,A321,,CSC
780e13,B-1683,Airbus,A320 214SL,A320,,CSZ
780e44,B-6483,Boeing,737NG 85C/W,B738,,CXA
780e46,B-1964,Boeing,737NG 85C/W,B738,,CXA
780e47,B-6487,Boeing,737NG 85C/W,B738,,CXA
780e48,B-6486,Boeing,737NG 85C/W,B738,,CXA
780e4a,B-6490,Boeing,737NG 85C/W,B738,,CXA
780e4b,B-6488,Boeing,737NG 85C/W,B738,,CXA
780e6f,B-6108,Boeing,737NG 89P/W,B738,,CSH
780e8b,B-6992,Boeing,737NG 86N/W,B738,,
780eb1,B-6698,Boeing,737NG 89P/W,B738,,CSH
780eb2,B-6993,Boeing,737NG 89P/W,B738,,CSH
780eb7,B-8220,Airbus,A320 214SL,A320,,CSZ
780eef,B-7113,Boeing,737NG 84P/W,B738,,FZA
781028,B-1551,Boeing,737NG 86X/W,B738,,
781043,B-1535,Boeing,737NG 800/W,B738,,CES
78114c,B-8367,,,A21N,,
78114d,B-8368,,,A21N,,
7811ce,B-1451,Boeing,737NG 800/W,B738,,CSH
7811cf,B-1448,Boeing,737NG 800/W,B738,,CSH
7811d0,B-1452,Boeing,737NG 800/W,B738,,CUA
7811db,B-1483,,,B738,,
78120b,B-1303,,,B738,,
781234,B-1319,,,B738,,
78123d,B-1327,,,B738,,
78124a,B-1332,Boeing,737NG 800/W,B738,,CES
78124b,B-1335,,,B738,,
78124c,B-1336,,,B738,,
7812dd,B-1393,,,B38M,,
7812de,B-1395,,,B38M,,
7812df,B-1396,,,B38M,,
7812e0,B-1397,,,B38M,,
7812e1,B-1398,,,B38M,,
7812e2,B-1399,,,B38M,,
7812eb,B-1390,,,B38M,,
7812ec,B-1389,,,B38M,,
7812ed,B-1387,,,B38M,,
7812fe,B-1379,,,B38M,,
7812ff,B-1381,,,B38M,,
781300,B-1382,,,B38M,,
78130d,B-1206,,,B38M,,
78130e,B-1207,,,B38M,,
781329,B-1223,,,B38M,,
78136f,B-1259,,,B38M,,
781370,B-1260,,,B38M,,
781371,B-1261,,,B38M,,
781373,B-1263,,,B38M,,
781390,B-1275,,,B38M,,
7813a6,B-1292,,,A20N,,
7813f2,B-1120,,,B38M,,
7813f7,B-1126,,,B38M,,
7813f8,B-1127,,,B38M,,
7813fe,B-1056,,,A21N,,
781416,B-1111,,,B789,,
781418,B-1113,,,B789,,
781452,B-1149,,,B38M,,
781453,B-1150,,,B38M,,
781455,B-1152,,,B38M,,
7814bf,B-301Z,,,A20N,,
7814dc,B-1175,,,B38M,,
7814dd,B-1176,,,B38M,,
7814ff,B-205K,,,B38M,,
781500,B-205J,,,B38M,,
781503,B-205L,,,B38M,,
78150c,B-302P,,,A20N,,
781537,B-303A,,,A20N,,
781543,B-206S,,,B738,,
78155c,B-206Z,,,B38M,,
78155e,B-206Y,,,B38M,,
78155f,B-206W,,,B738,,
781571,B-303Y,,,A21N,,
78157c,B-207G,,,B738,,
78158c,B-207S,,,B38M,,
7815a0,B-304P,,,A20N,,
7815c9,B-208G,,,B38M,,
7815dd,B-305N,,,A20N,,
7815df,B-305Q,,,A20N,,
7815e9,B-305S,,,A21N,,
7815ec,B-208M,,,B38M,,
7815ed,B-208N,,Boeing 737 MAX 8,B38M,Shandong Airlines,CDG
7815f8,B-208R,,,B763,,
781603,B-305Y,,,A20N,,
781617,B-306D,,,A20N,,
781619,B-306F,,,A20N,,
781624,B-306P,,,A20N,,
781640,B-307E,,,A21N,,
781677,B-20A2,,,B763,,
78169f,B-307R,,,A20N,,
7816a0,B-307S,,,A20N,,
7816c6,B-308T,,A350-941,A359,China Southern Airlines,CSN
7816de,B-20AY,,,B38M,,
7816eb,B-309A,,,A20N,,
7816fe,B-20CA,,Boeing 737 MAX 8,B38M,China Southern Airlines,CSN
781717,B-20CD,Boeing,BOEING 787-9,B789,China Eastern Airlines,CES
781742,B-20CU,,,B38M,,
781754,B-30A1,,,A20N,,
781782,B-20D0,,Boeing 737 MAX 8,B38M,Shandong Airlines,CDG
781793,B-30AA,,,A20N,,
781796,B-20D6,,,B38M,,
7817a5,B-30AD,,,A20N,,
7817c2,B-30AR,,,A20N,,
7817cc,B-30AU,,,A20N,,
7817d0,B-30AV,,,A20N,,
7817d2,B-30AX,,,A20N,,
7817d8,B-30C0,Airbus Industries,A350-941,A359,China Southern Airlines,CSN
7817f2,B-30C3,,,A20N,,
7817fa,B-30C9,,,A20N,,
7817fe,B-20DU,,Boeing 737 MAX 8,B38M,,
7817ff,B-20DV,,Boeing 737 MAX 8,B38M,,
781800,B-20DW,,Boeing 737 MAX 8,B38M,,
781801,B-20DX,,,B38M,,
781802,B-20DY,,,B38M,,
78183f,B-20DZ,,,B38M,,
781842,B-30CN,,,A20N,,
781849,B-30CS,,,A21N,,
78185e,B-30D2,,,A20N,,
781865,B-20E2,,Boeing 737 MAX 8,B38M,,
78186b,B-30DD,,,A20N,,
78189c,B-30DL,,,A20N,,
7818ab,B-30DR,,,A20N,,
7818ac,B-30DS,,,A20N,,
7818f3,B-30E2,,,A21N,,
7818f6,B-30E7,,,A21N,,
781927,B-30EP,,,A20N,,
78192a,B-20EK,,,B38M,,
78192e,B-30ET,,,A20N,,
781931,B-30ES,,,A20N,,
781935,B-30EV,,,A21N,,
781946,B-30F6,,,A21N,,
781947,B-30F7,,,A20N,,
78194d,B-30FE,,,A20N,,
78194e,B-30FF,,,A20N,,
781952,B-20ER,,Boeing 737 MAX 8,B38M,Shenzhen Airlines,CSZ
78195c,B-20EU,,Boeing 737 MAX 8,B38M,Shenzhen Airlines,CSZ
781977,B-30FQ,,,A20N,,
78197c,B-30FR,,,A21N,,
78197d,B-30FS,,,A21N,,
78197e,B-30FT,,,A20N,,
781986,B-20EV,,Boeing 787-9 Dreamliner,B789,Shanghai Airlines,CSH
7819dd,B-320H,,,A20N,,
7819ef,B-320M,,,A20N,,
781a60,B-220G,,Boeing 787-9 Dreamliner,B789,Shanghai Airlines,CSH
781a94,B-320Z,,,A20N,,
781a96,B-321C,,,A20N,,
781afd,B-322A,,,A21N,,
781afe,B-321Z,,,A21N,,
781ba7,B-323Y,,,A20N,,
781ba9,B-324A,,,A20N,,
781bab,B-324D,,,A20N,,
781bb6,B-324G,,,A20N,,
781bdb,B-220Y,,,B738,,
781be6,B-324K,,,A21N,,
781be7,B-324L,,Airbus A321-271N,A21N,Sichuan Airlines,CSC
781bf6,B-324R,,A350-941,A359,China Southern Airlines,CSN
781bf7,B-324S,,A350-941,A359,China Southern Airlines,CSN
781bfe,B-324U,,,A20N,,
781c2a,B-325F,,,A21N,,
781c2c,B-325H,,,A21N,,
781c50,B-325T,,,A20N,,
781c86,B-326H,,,A20N,,
781c87,B-326J,,,A20N,,
781c93,B-326M,,Airbus A321-271NX,A21N,Qingdao Airlines,QDA
781c9d,B-326R,,,A20N,,
781cbc,B-327A,,,A20N,,
781cd3,B-327G,,,A21N,,
781cd5,B-327J,,,A20N,,
781cd8,B-327M,,,A21N,,
781ce0,B-221M,,,B738,,
781cf6,B-327W,,,A20N,,
781d05,B-327Z,,,A20N,,
781d3f,B-328H,,,A20N,,
781d76,B-328V,,Airbus A321-271NX,A21N,Sichuan Airlines,CSC
781d77,B-328W,,,A20N,,
781d9e,B-329A,,,A20N,,
781da6,B-329N,,,A20N,,
781da7,B-329P,,,A20N,,
781de6,B-32A9,,,A20N,,
781de8,B-32AC,,Airbus A320-251N,A20N,China Eastern Airlines,CES
781df7,B-32AH,,,A20N,,
781e23,B-652S,,,GLF4,,
781e3d,B32-C2,,,A20N,,
781e3e,B-32C3,,,A20N,,
781e40,B-32C6,,,A20N,,
781e5b,B-222L,,,B738,,
781e7e,B-32CP,,Airbus A320-251N,A20N,Spring Airlines,CQH
781e90,B-32CT,,,A20N,,
781ead,B-32CY,,Airbus A321-251NX,A21N,Xiamen Air,CXA
781ec0,B-32D1,,Airbus A321-271NX,A21N,Sichuan Airlines,CSC
781ec7,B-32D5,,Airbus A320-251N,A20N,Spring Airlines,CQH
781eed,B-222Y,,Boeing 737-86N(BCF),B738,Tianjin Air Cargo,CTJ
781f1a,B-32DE,,Airbus A320-251N,A20N,China Eastern Airlines,CES
781f24,B-223M,,Boeing 757-28A(PCF),B752,SF Airlines,CSS
781f2a,B-32DK,,Airbus A320-251N,A20N,China Eastern Airlines,CES
781f34,B-32DP,,Airbus A321-251NX,A21N,Xiamen Air,CXA
781f46,B-32E1,,Airbus A320-251N,A20N,China Eastern Airlines,CES
781f4b,B-32E5,,Airbus A321-251NX,A21N,Xiamen Air,CXA
781f65,B-223P,,Boeing 757-23N(PCF),B752,SF Airlines,CSS
781f74,B-32EE,,Airbus A350-941,A359,China Southern Airlines,CSN
781f7d,B-32EL,,Airbus A321-251NX,A21N,Xiamen Air,CXA
781f7e,B-32EM,,Airbus A320-251N,A20N,China Eastern Airlines,CES
781f7f,B-32EN,,Airbus A320-251N,A20N,China Eastern Airlines,CES
781f80,B-32EP,,Airbus A320-251N,A20N,China Eastern Airlines,CES
781fa5,B-32EW,,Airbus A350-941,A359,China Southern Airlines,CSN
781fce,B-32FD,,Airbus A320-251N,A20N,China Eastern Airlines,CES
781fdb,B-223U,,Boeing 737 MAX 8,B38M,Shandong Airlines,CDG
781ffb,B-224E,,Boeing 737 MAX 8,B38M,Shanghai Airlines,CSH
781ffd,B-32FV,,Airbus A320-251N,A20N,China Southern Airlines,CSN
781fff,B-32FX,,Airbus A320-251N,A20N,China Southern Airlines,CSN
782002,B-32FT,,Airbus A321-253NX,A21N,China Southern Airlines,CSN
782003,B-32FR,,Airbus A350-941,A359,China Southern Airlines,CSN
782007,B-32FZ,,Airbus A321-231(PCF),A321,Sichuan Airlines,CSC
782027,B-32G1,,Airbus A321-251NX,A21N,Xiamen Air,CXA
78203d,B-32G3,,Airbus A320-251N,A20N,Spring Airlines,CQH
78206a,B-224X,,Boeing 737 MAX 8,B38M,Xiamen Air,CXA
78206e,B-224Y,,Boeing 737 MAX 8,B38M,Shenzhen Airlines,CSZ
782088,B-32GE,,Airbus A321-253NX,A21N,China Southern Airlines,CSN
7820a6,B-225D,,Boeing 737 MAX 8,B38M,China Southern Airlines,CSN
7820a8,B-32GH,,Airbus A321-253NX,A21N,China Southern Airlines,CSN
7820bb,B-32GN,,Airbus A320-251N,A20N,China Eastern Airlines,CES
7820bc,B-225K,,Boeing 737 MAX 8,B38M,Shenzhen Airlines,CSZ
7820bf,B-32GP,,Airbus A321-253NX,A21N,China Southern Airlines,CSN
7820e7,B-32H2,,Airbus A321-231(PCF),A321,Sichuan Airlines,CSC
7820ea,B-32H3,,Airbus A320-251N,A20N,China Southern Airlines,CSN
7820fb,B-225V,,Boeing 737 MAX 8,B38M,,
78211f,B-226E,,Boeing 737 MAX 8,B38M,Xiamen Air,CXA
782125,B-226F,,Boeing 737 MAX 8,B38M,Shanghai Airlines,CSH
78212c,B-226J,,Boeing 737 MAX 8,B38M,China Southern Airlines,CSN
782179,B-226U,,Boeing 737 MAX 8,B38M,Xiamen Air,CXA
782183,B-32JG,,Airbus A321-231(PCF),A321,Sichuan Airlines,CSC
7821a5,B-32JU,,Airbus A320-271N,A20N,Juneyao Air,DKH
7821fe,B-32KV,,Airbus A320-271N,A20N,Sichuan Airlines,CSC
782203,B-32KY,,Airbus A321-251NX,A21N,China Southern Airlines,CSN
782204,B-32KZ,,Airbus A321-251NX,A21N,China Southern Airlines,CSN
782206,B-32L1,,Airbus A321-251NX,A21N,China Southern Airlines,CSN
782236,B-32LQ,,Airbus A321-251NX,A21N,China Southern Airlines,CSN
78225d,B-32M3,,Airbus A321-251NX,A21N,China Southern Airlines,CSN
78225e,B-32M5,,Airbus A321-251NX,A21N,China Southern Airlines,CSN
782262,B-32M9,,Airbus A321-251NX,A21N,China Southern Airlines,CSN
782263,B-32MA,,Airbus A321-251NX,A21N,China Southern Airlines,CSN
782264,B-32MC,,Airbus A321-251NX,A21N,China Southern Airlines,CSN
782292,B-32MS,,Airbus A320-251N,A20N,Spring Airlines,CQH
789205,B-LEG,Airbus,A321 231SL,A321,,HKE
78922c,B-LCR,,,A20N,,
78923f,B-LDQ,,,A333,,
789240,B-LDR,,,A333,,
789249,B-HPD,,,A21N,,
78924a,B-HPE,,,A21N,,
78924b,B-HPF,,,A21N,,
78924c,B-HPG,,,A21N,,
78924d,B-HPH,,,A21N,,
78924e,B-LCS,,,A20N,,
789263,B-HPI,,,A21N,,
789264,B-HPN,,Airbus A321-251NX,A21N,Cathay Pacific,CPA
789265,B-HPO,,Airbus A321-251NX,A21N,Cathay Pacific,CPA
789266,B-HPP,,Airbus A321-251NX,A21N,Cathay Pacific,CPA
789268,B-HPK,,Airbus A321-251NX,A21N,Cathay Pacific,CPA
78926d,B-LDV,,,A333,,
78926e,B-LDW,,Airbus A330-343(P2F),A333,DHL,DHK
789282,B-LKC,,Airbus A330-243F,A332,DHL Air,DHK
789286,B-KKG,,Airbus A321-251NX,A21N,HK express,HKE
78928f,B-HPQ,,Airbus A321-251NX,A21N,Cathay Pacific,CPA
789290,B-HPR,,Airbus A321-251NX,A21N,Cathay Pacific,CPA
789291,B-HPS,,Airbus A321-251NX,A21N,Cathay Pacific,CPA
789292,B-HPT,,Airbus A321-251NX,A21N,Cathay Pacific,CPA
789293,B-KKI,,Airbus A321-251NX,A21N,HK express,HKE
7c01d7,VH-AND,Learjet Inc,60,LJ60,,
7c3845,VH-LEF,Bombardier Inc.,CL-600-2B16,CL60,,
7c384f,VH-LEP,Bombardier Inc,BD-700-1A10,GLEX,,
7c4caf,VH-PFL,Gulfstream Aerospace Corp,GV-SP,GLF5,,
7c5684,VH-RDI,,,LJ60,,
7cf837,A97-464,Lockheed Martin,C-130J-30 Hercules,C30J,Royal Australian Air Force,ASY
7cf865,A39-002,Airbus,A330 203MRTT,A332,Royal Australian Air Force,ASY
800b73,VT-ITB,Airbus,A320 271NSL,A20N,,IGO
800bef,VT-EXG,Airbus,A320 251NSL,A20N,,AIC
800bfa,VT-EXV,Airbus,A320 251NSL,A20N,,AIC
800bfb,VT-CIF,Airbus,A320 251NSL,A20N,,AIC
800c43,VT-EXJ,,,A20N,,
800c4a,VT-CIH,,,A20N,,
800c4b,VT-EXM,,,A20N,,
800c85,VT-CIM,Airbus Industrie,,A20N,Air India Limited,AIC
800c87,VT-CIO,,,A20N,,
800cfe,VT-EXP,Airbus Industrie,,A20N,Air India Limited,AIC
800cff,VT-EXQ,,,A20N,,
800d0f,VT-IZD,,,A20N,,
800d40,VT-EXR,,,A20N,,
80139b,VT-TNQ,,,A20N,,
80141c,VT-ILN,Airbus Industrie,A321-252NX,A21N,Indigo Airlines,IGO
80146f,VT-ILU,,,A21N,,
80149e,VT-ILX,,,A21N,,
8014d3,VT-IIU,,,A20N,,
8014dc,VT-IIW,,,A20N,,
80152f,VT-IPF,,,A20N,,
801640,VT-RTU,,Airbus A320-251N,A20N,Air India,AIC
801661,VT-IQV,,Airbus A320-251N,A20N,IndiGo,IGO
801667,VT-RTS,,Airbus A320-251N,A20N,Air India,AIC
8016a3,VT-IXD,,Airbus A320-251N,A20N,IndiGo,IGO
8016ba,VT-IXF,,Airbus A320-251N,A20N,IndiGo,IGO
8016be,VT-IXG,,Airbus A320-251N,A20N,IndiGo,IGO
8016c5,VT-IXI,,Airbus A320-251N,A20N,IndiGo,IGO
8016e1,VT-IXL,,Airbus A320-251N,A20N,IndiGo,IGO
80172d,VT-IXO,,Airbus A320-251N,A20N,IndiGo,IGO
86ced2,JA804A,Boeing,787 8,B788,,ANA
86cf38,JA807A,Boeing,787 8,B788,,ANA
86cf5a,JA808A,Boeing,787 8,B788,,ANA
86d6a4,JA829A,Boeing,787 8,B788,,ANA
86d928,JA831A,Boeing,787 8,B788,,ANA
86d94a,JA832A,Boeing,787 8,B788,,ANA
86d98e,JA834A,Boeing,787 8,B788,,ANA
86d9b0,JA835A,Boeing,787 8,B788,,ANA
86da16,JA838A,Boeing,787 8,B788,,ANA
86da1e,JA838J,Boeing,787 8,B788,,JAL
86da40,JA839J,Boeing,787 8,B788,,JAL
86dc9a,JA840A,Boeing,787 8,B788,,ANA
86dca2,JA840J,Boeing,787 8,B788,,JAL
86dcc4,JA841J,Boeing,787 8,B788,,JAL
86dce6,JA842J,Boeing,787 8,B788,,JAL
86dd08,JA843J,Boeing,787 8,B788,,JAL
86dd2a,JA844J,Boeing,787 8,B788,,JAL
86e7de,JA874A,Boeing,787 8,B788,,ANA
86e866,JA878A,Boeing,787 8,B788,,ANA
88044d,HS-ABM,Airbus,A320 216,A320,,AIQ
88044f,HS-ABO,Airbus,A320 216,A320,,AIQ
880450,HS-ABP,Airbus,A320 216,A320,,AIQ
880452,HS-ABR,Airbus,A320 216,A320,,AIQ
880453,HS-ABS,Airbus,A320 216,A320,,AIQ
880849,HS-BBI,Airbus,A320 216SL,A320,,AIQ
88084a,HS-BBJ,Airbus,A320 216SL,A320,,AIQ
88084c,HS-BBL,Airbus,A320 216SL,A320,,AIQ
88084f,HS-BBO,Airbus,A320 216SL,A320,,AIQ
880852,HS-BBR,Airbus,A320 216SL,A320,,AIQ
880854,HS-BBT,Airbus,A320 216,A320,,AIQ
880856,HS-BBV,Airbus,A320 216SL,A320,,AIQ
880c41,HS-CBA,Airbus,A320 216SL,A320,,AIQ
880c43,HS-CBC,,,A20N,,
880c4d,HS-CBM,,Airbus A320-216,A320,AirAsia,AXM
881b69,60109,Lockheed,C-130H Hercules,C130,,
882e61,HS-KSA,,Boeing 767-33A(ER)(BCF),B763,K-Mile Air,KMI
882e62,HS-KSB,,Boeing 767-33A(ER)(BCF),B763,K-Mile Air,KMI
884d73,HS-SKS,,Gulfstream G550,GLF5,,
8850ae,HS-TEN,Airbus,A330 343E,A333,,THA
8850af,HS-TEO,Airbus,A330 343E,A333,,THA
8850b0,HS-TEP,Airbus,A330 343E,A333,,THA
885102,HS-THB,Airbus,A350 941,A359,,THA
885103,HS-THC,Airbus,A350 941,A359,,THA
885104,HS-THD,Airbus,A350 941,A359,,THA
88510a,HS-THJ,,,A359,,
88510b,HS-THK,,,A359,,
88510c,HS-THL,,,A359,,
88510d,HS-THM,,,A359,,
885110,HS-THP,,Airbus A350-941,A359,Thai Airways,THA
885112,HS-THR,,Airbus A350-941,A359,Thai Airways,THA
885156,HS-TJV,Boeing,777 2D7ER,B772,,THA
88516d,HS-TKM,Boeing,777 3ALER,B77W,,THA
885170,HS-TKP,Boeing,777 3ALER,B77W,,THA
885178,HS-TKX,Boeing,777 3D7ER,B77W,,THA
885221,HS-TQA,Boeing,787 8,B788,,THA
885226,HS-TQF,Boeing,787 8,B788,,THA
8852e1,HS-TWA,Boeing,787 9,B789,,THA
8852e3,HS-TWC,,Boeing 787-9 Dreamliner,B789,Thai Airways,THA
885302,HS-TXB,Airbus,A320 232,A320,Thai Smile Airways,
885305,HS-TXE,Airbus,A320 232,A320,Thai Smile Airways,
885312,HS-TXR,Airbus,A320 232SL,A320,Thai Smile Airways,
885334,HS-TYT,,,A320,,
88803e,VN-A683,Airbus,A321 211SL,A321,,VJC
88803f,VN-A684,Airbus,A321 211SL,A321,,VJC
888041,VN-A687,Airbus,A321 211SL,A321,,VJC
88804e,VN-A353,Airbus,A321 231,A321,,HVN
888054,VN-A358,Airbus,A321 231,A321,,HVN
88808b,VN-A324,Airbus,A321 231,A321,,HVN
88808c,VN-A325,Airbus,A321 231,A321,,HVN
88808d,VN-A326,Airbus,A321 231,A321,,HVN
888093,VN-A332,Airbus,A321 231,A321,,HVN
88809c,VN-A339,Airbus,A321 231,A321,,HVN
88809d,VN-A390,Airbus,A321 231,A321,,HVN
88809e,VN-A392,Airbus,A321 231,A321,,HVN
8880a1,VN-A393,Airbus,A321 231,A321,,HVN
8880a5,VN-A397,Airbus,A321 231,A321,,HVN
8880ab,VN-A399,Airbus,A321 231,A321,,HVN
8880ad,VN-A602,Airbus,A321 231,A321,,HVN
8880ae,VN-A603,Airbus,A321 231,A321,,HVN
8880b4,VN-A605,Airbus,A321 231,A321,,HVN
8880c5,VN-A609,Airbus,A321 231,A321,,HVN
8880ca,VN-A611,Airbus,A321 231,A321,,HVN
88811a,VN-A667,Airbus,A321 211SL,A321,,VJC
888135,VN-A640,Airbus,A321 211SL,A321,,VJC
888137,VN-A642,Airbus,A321 211SL,A321,,VJC
88813b,VN-A632,,,A321,,
88813e,VN-A635,,,A321,,
88813f,VN-A636,,,A321,,
888141,VN-A644,,,A321,,
888143,VN-A646,,,A21N,,
888151,VN-A639,,,A321,,
888156,VN-A648,,,A321,,
88815a,VN-A657,,,A321,,
88815c,VN-A693,,,A21N,,
88816a,VN-A619,,,A21N,,
88816d,VN-A622,,,A21N,,
888173,VN-A629,,,A321,,
888174,VN-A661,,,A321,Vietjet Air,VJC
88817c,VN-A607,,,A21N,,
888185,VN-A507,,,A21N,,
888192,VN-A521,,,A21N,,
8881a7,VN-A522,,,A321,,
8881a8,VN-A532,,,A321,,
8881d7,VN-A526,,,A21N,,
89408b,A9C-FA,,,B789,,
895052,V8-RBA,,,A20N,,
895056,V8-RBB,,,A20N,,
895057,V8-DLB,Boeing,787 8,B788,,RBA
895058,V8-RBC,,,A20N,,
895059,V8-RBD,,,A20N,,
89505c,V8-RBE,,,A20N,,
89505e,V8-RBF,,,A20N,,
895062,V8-RBG,,,A20N,,
8953df,V8-BKH,Boeing,747 8LQ,B748,,
8960f0,A6-EDO,Airbus,A380 861,A388,,UAE
896186,A6-EEG,Airbus,A380 861,A388,,UAE
896187,A6-EEH,Airbus,A380 861,A388,,UAE
89618c,A6-EEM,Airbus,A380 861,A388,,UAE
89618f,A6-EEP,Airbus,A380 861,A388,,UAE
896192,A6-EES,Airbus,A380 861,A388,,UAE
896314,A6-ENR,Boeing,777 31HER,B77W,,UAE
896316,A6-ENT,Boeing,777 31HER,B77W,,UAE
896317,A6-ENU,Boeing,Boeing 777-31HER,B77W,Emirates,UAE
8963d0,A6-EPA,Boeing,777 31HER,B77W,,UAE
8963d3,A6-EPD,Boeing,777 31HER,B77W,,UAE
8963d9,A6-EPJ,Boeing,777 31HER,B77W,,UAE
8963dc,A6-EPM,Boeing,Boeing 777-31H(ER),B77W,,UAE
8963df,A6-EPP,Boeing,777 31HER,B77W,,UAE
8963ec,A6-EOO,Airbus,A380 861,A388,,UAE
89644a,A6-EPU,Boeing,777 300ER,B77W,,UAE
896459,A6-EUD,Airbus,A380 861,A388,,UAE
896489,A6-BLI,Boeing,787 9,B789,,ETD
8964bb,A6-BLK,Boeing,787 9,B789,,ETD
8964bd,A6-BLM,The Boeing Co.,787-9 Dreamliner,B789,Etihad Airways,ETD
8964be,A6-BLN,Boeing,787 9,B789,,ETD
8964c3,A6-BLS,,B787-9,B789,Etihad Airways,ETD
8964fd,A6-BMB,,787-10 Dreamliner,B78X,Etihad Airways,ETD
8964fe,A6-BMC,,,B78X,,
8964ff,A6-BMD,,787-10 Dreamliner,B78X,Etihad Airways,ETD
89652d,A6-ATA,,A321-251NX,A21N,Air Arabia,ABY
896534,A6-BLW,The Boeing Co.,787-9 Dreamliner,B789,Etihad Airways,ETD
89653c,A6-BME,,,B78X,,
89653e,A6-BMG,,,B78X,,
896559,A6-ATC,,,A21N,Air Arabia,ABY
89656d,A6-BMH,,,B78X,,
89656f,A6-BMJ,,,B78X,,
896582,A6-ATD,,,A21N,,
896587,A6-ATE,,A321-251NX,A21N,Air Arabia,ABY
89661f,A6-EXB,,Airbus A350-941,A359,Emirates,UAE
896620,A6-EXC,,Airbus A350-941,A359,Emirates,UAE
896625,A6-EXH,,Airbus A350-941,A359,Emirates,UAE
89900f,B-18902,Airbus,A350 941,A359,,CAL
899013,B-18903,Airbus,A350 941,A359,,CAL
89901a,B-18055,Boeing,777 36NER,B77W,,CAL
89901e,B-18005,Boeing,777 309ER,B77W,,CAL
899021,B-18051,Boeing,777 36NER,B77W,,CAL
899082,,,,,,
8990a8,B-18610,Boeing,737NG 809/W,B738,,CAL
8990aa,B-18612,Boeing,737NG 809/W,B738,,CAL
8990ba,B-58201,,,A21N,,
8990d4,B-16705,Boeing,777 35EER,B77W,,EVA
8990d5,B-16706,Boeing,777 35EER,B77W,,EVA
8990d8,B-16709,Boeing,777 35EER,B77W,,EVA
8990d9,B-16710,Boeing,Boeing 777-35E(ER),B77W,,EVA
8990da,B-16711,Boeing,777 35EER,B77W,,EVA
8990dc,B-16713,Boeing,777 35EER,B77W,,EVA
8990dd,B-16715,Boeing,777 35EER,B77W,,EVA
8990de,B-16716,Boeing,777 35EER,B77W,,EVA
8990df,B-16717,Boeing,B777-35E(ER),B77W,,EVA
8990e9,B-18107,,,A21N,,
8990ea,B-18108,,,A21N,,
8990ec,B-18917,Airbus Industrie,A350-941,A359,China Airlines,CAL
8990ed,B-18918,,A350-941,A359,China Airlines,CAL
8990f3,B-18906,Airbus Industrie,A350-941,A359,China Airlines,CAL
8990f4,B-18907,Airbus Industrie,A350-941,A359,China Airlines,CAL
899103,B-18717,Boeing,Boeing 747-409F,B744,,CAL
899104,B-18718,Boeing,Boeing 747-409F,B744,China Airlines,CAL
899107,B-18721,Boeing,747 409F,B744,,CAL
89910b,B-18205,,,A21N,,
899114,B-18109,,,A21N,,
899115,B-18110,,,A21N,,
899116,B-18803,Airbus,Airbus A340 313X,A343,,CAL
89911b,B-18722,Boeing,747 409F,B744,,CAL
89911c,B-18723,Boeing,747 409F,B744,,CAL
899123,B-16782,Boeing,777-F,B77L,Eva Air,EVA
89912e,B-18910,,,A359,,
89916d,B-18916,,,A359,,
8991a4,B-18725,Boeing,Boeing 747-409F,B744,,CAL
8991d5,B-58207,,,A21N,,
8991d6,B-58208,,,A21N,,
8991d9,B-58211,,,A21N,,
8991db,B-58213,,,A21N,,
8991dc,B-58301,,,A339,,
8991de,B-58303,,,A339,,
8a01ad,PK-LFW,Boeing,737NG 9GPER/W,B739,,LNI
8a01af,PK-LFZ,Boeing,737NG 9GPER/W,B739,,LNI
8a01cd,PK-LGL,Boeing,737NG 9GPER/W,B739,,LNI
8a020e,PK-GMI,Boeing,737NG 8U3/W,B738,,GIA
8a021d,PK-GFD,Boeing,737NG 8U3/W,B738,,GIA
8a0235,PK-LHI,Boeing,737NG 9GPER/W,B739,,LNI
8a023e,PK-GFF,Boeing,737NG 8U3/W,B738,,GIA
8a0262,PK-LHP,Boeing,737NG 9GPER/W,B739,,LNI
8a0285,PK-LHS,Boeing,737NG 9GPER/W,B739,,LNI
8a028e,PK-GFQ,Boeing,737NG 81D/W,B738,,GIA
8a0295,PK-LHY,Boeing,737NG 9GPER/W,B739,,LNI
8a02a5,PK-LJG,Boeing,737NG 9GPER/W,B739,,LNI
8a02ca,PK-AXT,Airbus,A320 216,A320,,AWQ
8a02cb,PK-AXU,Airbus,A320 216,A320,,AWQ
8a02d6,PK-GMX,Boeing,737NG 8U3/W,B738,,GIA
8a02e9,PK-LJQ,Boeing,737NG 8GP/W,B738,,LNI
8a02ea,PK-LJR,Boeing,737NG 8GP/W,B738,,LNI
8a0394,PK-AZA,Airbus,A320 216,A320,,AWQ
8a03b3,PK-GLY,Airbus,A320 214SL,A320,,
8a03c7,PK-GFV,Boeing,737NG 8U3/W,B738,,GIA
8a03f4,PK-AZF,Airbus,A320 216SL,A320,,AWQ
8a0419,PK-AZH,Airbus,A320 216,A320,,AWQ
8a043a,PK-GNE,Boeing,737NG 8U3/W,B738,,GIA
8a0441,PK-AZI,Airbus,A320 216,A320,,AWQ
8a0442,PK-AZJ,Airbus,A320 214,A320,,AWQ
8a0449,PK-GNH,Boeing,737NG 8U3/W,B738,,GIA
8a044f,PK-GNN,Boeing,737NG 86N/W,B738,,GIA
8a0454,PK-LOI,Boeing,737NG 8GP/W,B738,,LNI
8a0455,PK-LOJ,Boeing,737NG 8GP/W,B738,,LNI
8a04a6,PK-GQC,Airbus,A320 214SL,A320,,
8a04ae,PK-LBK,Boeing,737NG 8GP/W,B738,,
8a04ce,PK-LBS,Boeing,737NG 8GP/W,B738,,
8a04e4,PK-LBW,Boeing,737NG 8GP/W,B738,,
8a0509,PK-GQK,Airbus,A320 214SL,A320,,
8a051c,PK-LAT,Airbus,A320 214SL,A320,,
8a0522,PK-LUF,Airbus,A320 214SL,A320,,
8a05c4,PK-GQM,Airbus,A320 214SL,A320,,
8a0634,PK-LUP,Airbus,A320 214SL,A320,,
8a06d0,PK-GTF,,,A320,,
8a074e,PK-AZL,,,A320,,
8a07a7,PK-MYV,,,B734,,
8a07ad,PK-AZO,,,A320,,
8a07b7,PK-AZN,,,A320,,
8a0809,PK-LQT,,,B739,,
8a081f,PK-LQZ,,,B738,,
8a0821,PK-LZV,,,B738,,
8a0824,PK-LZZ,,,B738,,
8a0827,PK-LDJ,,,B738,,
8a082a,PK-LSJ,,,B739,,
8a082b,PK-LSH,,,B739,,
8a082d,PK-LSO,,,B739,,
8a0837,PK-LSK,,,B739,,
8a0838,PK-LSL,,,B739,,
8a08b8,PK-SJJ,,,A320,,
8a0908,PK-SJE,,,A320,,
8a090f,PK-MYB,,,B733,,
8a092c,PK-SGB,,,A320,,
8a0951,PK-STG,,,A320,,
8a0952,PK-BGZ,,,B738,,
8a095b,PK-TLC,,,A320,,
8a0966,PK-LSU,,,B739,,
8a0987,PK-TLD,,,A320,,
8a0988,PK-TJA,,,AJ27,,
8a09a0,PK-BKQ,,Airbus A320-214,A320,Batik Air,BTK
8a09ad,PK-AZS,,Airbus A320-216,A320,AirAsia,AXM
8a09b8,PK-AZT,,Airbus A320-216,A320,AirAsia,AXM
8a09d5,PK-GUA,,Boeing 737-81M,B738,Garuda Indonesia,GIA
8a09e6,PK-MHP,,Mitsubishi Challenger 850,CRJ2,Jetset,CEO
8a09f6,PK-MYF,,Boeing 737-42J(SF),B734,My Indo Airlines,MYU
8a09f8,PK-TLF,,Airbus A320-214,A320,TransNusa,TNU
8a09fc,PK-PPA,,Airbus Helicopters H145,EC45,,
8a0a3e,PK-TLG,,Airbus A321-211,A321,TransNusa,TNU
8a0a68,PK-CEO,,Hawker 850XP,H25B,Jetset,CEO
8a1812,PK-LFO,Boeing,737NG 9GPER/W,B739,,LNI
a00ca4,N102FE,Boeing,767-3S2F,B763,Federal Express,FDX
a0105b,N103FE,Boeing,767-3S2F,B763,Federal Express,FDX
a01412,N104FE,Boeing,767-3S2F,B763,Federal Express,FDX
a022ee,N108FE,Boeing,767-3S2F,B763,Federal Express,FDX
a026a5,N109FE,Boeing,767-3S2F,B763,Federal Express,FDX
a03423,N112FE,Boeing,767-3S2F,B763,Federal Express,FDX
a046b6,N117FE,Boeing,767-3S2F,B763,Federal Express,FDX
a04a6d,N118FE,Boeing,767-3S2F,B763,Federal Express,FDX
a057eb,N121FE,Boeing,767-3S2F,B763,Federal Express,FDX
a05ba2,N122FE,Boeing,767-3S2F,B763,Federal Express,FDX
a07bb3,N130FE,Boeing,767-3S2F,B763,Federal Express,FDX
a08321,N132FE,Boeing,767-3S2F,B763,Federal Express,FDX
a12ca9,N175KH,Bell,429 Global Ranger,B429,,
a16018,N188TL,Cessna,680,C680,,
a16629,N19DM,Gulfstream Aerospace,GV-SP (G550),,,
a18eb4,N2QE,Bombardier Inc,BD-700-1A11,GL5T,,
a192f2,N200KP,Embraer,EMB-135BJ,E35L,,
a1a12e,N204DD,Israel Aircraft Industries,GULFSTREAM 200,GALX,,
a2ceec,N280KR,Iai Ltd,GULFSTREAM G280,G280,,
a2fb16,N291VK,,,LJ45,,
a33ded,N308KB,Iai Ltd,GULFSTREAM G280,G280,,
a3bf1e,N340UP,Boeing,767-34AF,B763,United Parcel Service,UPS
a3d1b1,N345UP,Boeing,767-34AF,B763,United Parcel Service,UPS
a3e89a,N351AX,Boeing,767-33A,B763,Omni Air International,OAE
a43b55,N372BC,Bombardier Inc,BD-700-1A10,GLEX,,
a4771b,N387UP,,Boeing 767-300F,B763,UPS,UPS
a4a437,N399,Gulfstream Aerospace Corp,GVII-G500,GA5C,,
a50b54,N424JS,Gulfstream Aerospace,G-IV,GLF4,,
a7d284,N603BG,,Gulfstream G500,GLF5,,
a8d261,N668EM,Gulfstream Aerospace,GIV-X (G450),GLF4,,
a91338,N684MT,Gulfstream Aerospace Corp,GVI (G650ER),,,
a951e5,N7WW,Airbus Helicopters Deutschland,MBB-BK117 D-3,,,
a96f14,N707FH,Honda Aircraft Co Llc,HA-420,HDJT,,
aaa717,N786CW,Pilatus Aircraft Ltd,PC-12/47E,,,
ab0ec8,N811TM,Gulfstream Aerospace Corp,GVI (G650ER),GLF6,,
ab0faf,N81118,Bombardier Inc,BD-700-1A11,GL5T,,
ab4ea9,N828AX,Boeing,777-2U8,B772,Omni Air International,OAE
abecaa,N868BB,Gulfstream Aerospace,GIV-X (G450),GLF4,,
ac426d,N88959,Bombardier Inc,BD-700-2A12,GL7T,,
ad0836,N939ML,Gulfstream Aerospace Corp,GVII-G500,,,
add21c,N99UR,Guimbal,Cabri G2,G2CA,,
ae1258,166376,,,GLF5,,
c95003,4W-AAO,,Airbus A319-115,A319,Aero Dili,DTL
